title,link,publication_year,mentions_bh,mentions_bonferroni,mentions_by
Single-cell transcriptomics reveal the prognostic roles of epithelial and T cells and DNA methylation-based prognostic models in pancreatic cancer,https://clinicalepigeneticsjournal.biomedcentral.com/articles/10.1186/s13148-024-01800-0,2024,False,True,False
Altered chromatin landscape and 3D interactions associated with primary constitutional ,https://clinicalepigeneticsjournal.biomedcentral.com/articles/10.1186/s13148-024-01770-3,2024,False,False,False
A meta-analysis of epigenome-wide association studies of ultra-processed food consumption with DNA methylation in European children,https://clinicalepigeneticsjournal.biomedcentral.com/articles/10.1186/s13148-024-01782-z,2025,False,False,False
Effects of multisuperovulation on the transcription and genomic methylation of oocytes and offspring,https://clinicalepigeneticsjournal.biomedcentral.com/articles/10.1186/s13148-024-01746-3,2024,False,False,False
Hypoxia impairs decitabine-induced expression of HLA-DR in acute myeloid leukaemia cell lines,https://clinicalepigeneticsjournal.biomedcentral.com/articles/10.1186/s13148-025-01812-4,2025,False,False,False
Differences in the DNA methylome of T cells in adults with asthma of varying severity,https://clinicalepigeneticsjournal.biomedcentral.com/articles/10.1186/s13148-024-01750-7,2024,False,False,False
Distinct methylome profile of cfDNA in AMI patients reveals significant alteration in cAMP signaling pathway genes regulating cardiac muscle contraction,https://clinicalepigeneticsjournal.biomedcentral.com/articles/10.1186/s13148-024-01755-2,2024,False,False,False
A comprehensive lifestyle index and its associations with DNA methylation and type 2 diabetes among Ghanaian adults: the rodam study,https://clinicalepigeneticsjournal.biomedcentral.com/articles/10.1186/s13148-024-01758-z,2024,False,False,False
DNA methylation at ,https://clinicalepigeneticsjournal.biomedcentral.com/articles/10.1186/s13148-024-01757-0,2024,False,False,False
The role of DNA methylation in chondrogenesis of human iPSCs as a stable marker of cartilage quality,https://clinicalepigeneticsjournal.biomedcentral.com/articles/10.1186/s13148-024-01759-y,2024,False,True,False
"Respiratory infection- and asthma-prone, low vaccine responder children demonstrate distinct mononuclear cell DNA methylation pathways",https://clinicalepigeneticsjournal.biomedcentral.com/articles/10.1186/s13148-024-01703-0,2024,False,False,False
Effects of improved on-farm crop storage on DNA methylation of  mothers and their infants: evidence from a randomized controlled trial in Kenya,https://clinicalepigeneticsjournal.biomedcentral.com/articles/10.1186/s13148-024-01693-z,2024,False,False,False
DNA methylation profile of inflammatory breast cancer and its impact on prognosis and outcome,https://clinicalepigeneticsjournal.biomedcentral.com/articles/10.1186/s13148-024-01695-x,2024,False,False,False
Quantification method of ctDNA using cell-free DNA methylation profile for noninvasive screening and monitoring of colon cancer,https://clinicalepigeneticsjournal.biomedcentral.com/articles/10.1186/s13148-024-01708-9,2024,False,False,False
Unraveling epigenomic signatures and effectiveness of electroconvulsive therapy in treatment-resistant depression patients: a prospective longitudinal study,https://clinicalepigeneticsjournal.biomedcentral.com/articles/10.1186/s13148-024-01704-z,2024,False,False,False
DNA methylation and whole-genome transcription analysis in CD4,https://clinicalepigeneticsjournal.biomedcentral.com/articles/10.1186/s13148-024-01699-7,2024,False,False,False
Improvements in lung function following vitamin C supplementation to pregnant smokers are associated with buccal DNA methylation at 5 years of age,https://clinicalepigeneticsjournal.biomedcentral.com/articles/10.1186/s13148-024-01644-8,2024,True,True,False
Cell-free DNA methylation reveals cell-specific tissue injury and correlates with disease severity and patient outcomes in COVID-19,https://clinicalepigeneticsjournal.biomedcentral.com/articles/10.1186/s13148-024-01645-7,2024,False,False,False
DNA methylation may partly explain psychotropic drug-induced metabolic side effects: results from a prospective 1-month observational study,https://clinicalepigeneticsjournal.biomedcentral.com/articles/10.1186/s13148-024-01648-4,2024,False,True,False
"MAL expression downregulation through suppressive H3K27me3 marks at the promoter in HPV16-related cervical cancers is prognostically relevant and manifested by the interplay of novel MAL antisense long noncoding RNA AC103563.8, E7 oncoprotein and EZH2",https://clinicalepigeneticsjournal.biomedcentral.com/articles/10.1186/s13148-024-01651-9,2024,False,False,False
Identification of miR-20b-5p as an inhibitory regulator in cardiac differentiation via TET2 and DNA hydroxymethylation,https://clinicalepigeneticsjournal.biomedcentral.com/articles/10.1186/s13148-024-01653-7,2024,False,True,False
"An EWAS of dementia biomarkers and their associations with age, African ancestry, and PTSD",https://clinicalepigeneticsjournal.biomedcentral.com/articles/10.1186/s13148-024-01649-3,2024,False,False,False
Histone deacetylase 3 deletion in alveolar type 2 epithelial cells prevents bleomycin-induced pulmonary fibrosis,https://clinicalepigeneticsjournal.biomedcentral.com/articles/10.1186/s13148-023-01588-5,2023,True,False,False
A targeted long-read sequencing approach questions the association of OXTR methylation with high-functioning autism,https://clinicalepigeneticsjournal.biomedcentral.com/articles/10.1186/s13148-023-01616-4,2023,False,False,False
DNA methylation profiles reveal sex-specific associations between gestational exposure to ambient air pollution and placenta cell-type composition in the PRISM cohort study,https://clinicalepigeneticsjournal.biomedcentral.com/articles/10.1186/s13148-023-01601-x,2023,False,False,False
Epigenetics of the far northern Yakutian population,https://clinicalepigeneticsjournal.biomedcentral.com/articles/10.1186/s13148-023-01600-y,2023,False,False,False
Methylation analysis by targeted bisulfite sequencing in large for gestational age (LGA) newborns: the LARGAN cohort,https://clinicalepigeneticsjournal.biomedcentral.com/articles/10.1186/s13148-023-01612-8,2023,False,False,False
Histone demethylase KDM4B accelerates the progression of glioblastoma via the epigenetic regulation of MYC stability,https://clinicalepigeneticsjournal.biomedcentral.com/articles/10.1186/s13148-023-01608-4,2023,False,False,False
CRISPR/dCAS9-mediated DNA demethylation screen identifies functional epigenetic determinants of colorectal cancer,https://clinicalepigeneticsjournal.biomedcentral.com/articles/10.1186/s13148-023-01546-1,2023,False,False,False
The inactive X chromosome accumulates widespread epigenetic variability with age,https://clinicalepigeneticsjournal.biomedcentral.com/articles/10.1186/s13148-023-01549-y,2023,False,True,False
Fathers’ preconception smoking and offspring DNA methylation,https://clinicalepigeneticsjournal.biomedcentral.com/articles/10.1186/s13148-023-01540-7,2023,False,False,False
Objective and subjective measures of sleep initiation are differentially associated with DNA methylation in adolescents,https://clinicalepigeneticsjournal.biomedcentral.com/articles/10.1186/s13148-023-01553-2,2023,False,False,False
Altered H3K4me3 profile at the ,https://clinicalepigeneticsjournal.biomedcentral.com/articles/10.1186/s13148-023-01556-z,2023,False,False,False
Differential effect of histone H3.3 depletion on retroviral repression in embryonic stem cells,https://clinicalepigeneticsjournal.biomedcentral.com/articles/10.1186/s13148-023-01499-5,2023,False,True,False
Capturing sex-specific and hypofertility-linked effects of assisted reproductive technologies on the cord blood DNA methylome,https://clinicalepigeneticsjournal.biomedcentral.com/articles/10.1186/s13148-023-01497-7,2023,False,True,False
Genome-wide DNA methylation profiling of HPV-negative leukoplakia and gingivobuccal complex cancers,https://clinicalepigeneticsjournal.biomedcentral.com/articles/10.1186/s13148-023-01510-z,2023,True,False,False
Histone lysine methyltransferase SMYD3 promotes oral squamous cell carcinoma tumorigenesis via H3K4me3-mediated HMGA2 transcription,https://clinicalepigeneticsjournal.biomedcentral.com/articles/10.1186/s13148-023-01506-9,2023,False,False,False
Epigenomic profiling of isolated blood cell types reveals highly specific B cell smoking signatures and links to disease risk,https://clinicalepigeneticsjournal.biomedcentral.com/articles/10.1186/s13148-023-01507-8,2023,False,True,False
Combined inhibition of histone deacetylase and cytidine deaminase improves epigenetic potency of decitabine in colorectal adenocarcinomas,https://clinicalepigeneticsjournal.biomedcentral.com/articles/10.1186/s13148-023-01500-1,2023,False,False,False
Epigenetic age acceleration mediates the association between smoking and diabetes-related outcomes,https://clinicalepigeneticsjournal.biomedcentral.com/articles/10.1186/s13148-023-01512-x,2023,False,False,False
DNA methylation alterations at RE1-silencing transcription factor binding sites and their flanking regions in cancer,https://clinicalepigeneticsjournal.biomedcentral.com/articles/10.1186/s13148-023-01514-9,2023,False,False,False
DNA methylation as a potential mediator of the association between indoor air pollution and neurodevelopmental delay in a South African birth cohort,https://clinicalepigeneticsjournal.biomedcentral.com/articles/10.1186/s13148-023-01444-6,2023,True,True,False
Epigenome-wide association study in Chinese monozygotic twins identifies DNA methylation loci associated with blood pressure,https://clinicalepigeneticsjournal.biomedcentral.com/articles/10.1186/s13148-023-01457-1,2023,False,False,False
DNA methylation abnormalities induced by advanced maternal age in villi prime a high-risk state for spontaneous abortion,https://clinicalepigeneticsjournal.biomedcentral.com/articles/10.1186/s13148-023-01432-w,2023,False,False,False
Bariatric surgery-induced weight loss and associated genome-wide DNA-methylation alterations in obese individuals,https://clinicalepigeneticsjournal.biomedcentral.com/articles/10.1186/s13148-022-01401-9,2022,False,True,False
A variability in response of osteoclasts to zoledronic acid is mediated by smoking-associated modification in the DNA methylome,https://clinicalepigeneticsjournal.biomedcentral.com/articles/10.1186/s13148-023-01449-1,2023,False,False,False
DNA methylation patterns associated with konzo in Sub-Saharan Africa,https://clinicalepigeneticsjournal.biomedcentral.com/articles/10.1186/s13148-022-01372-x,2022,False,False,False
DNA methylation patterns at birth predict health outcomes in young adults born very low birthweight,https://clinicalepigeneticsjournal.biomedcentral.com/articles/10.1186/s13148-023-01463-3,2023,True,False,False
Altered DNA methylation in estrogen-responsive repetitive sequences of spermatozoa of infertile men with shortened anogenital distance,https://clinicalepigeneticsjournal.biomedcentral.com/articles/10.1186/s13148-022-01409-1,2022,False,True,False
Genome-wide distribution of histone trimethylation reveals a global impact of bisphenol A on telomeric binding proteins and histone acetyltransferase factors: a pilot study with human and in vitro data,https://clinicalepigeneticsjournal.biomedcentral.com/articles/10.1186/s13148-022-01408-2,2022,False,False,False
Mediation effects of DNA methylation and hydroxymethylation on birth outcomes after prenatal per- and polyfluoroalkyl substances (PFAS) exposure in the Michigan mother–infant Pairs cohort,https://clinicalepigeneticsjournal.biomedcentral.com/articles/10.1186/s13148-023-01461-5,2023,True,False,False
Transient Polycomb activity represses developmental genes in growing oocytes,https://clinicalepigeneticsjournal.biomedcentral.com/articles/10.1186/s13148-022-01400-w,2022,False,False,False
DNA methylation signatures on vascular differentiation genes are aberrant in vessels of human cerebral arteriovenous malformation nidus,https://clinicalepigeneticsjournal.biomedcentral.com/articles/10.1186/s13148-022-01346-z,2022,False,False,False
Cri du chat syndrome patients have DNA methylation changes in genes linked to symptoms of the disease,https://clinicalepigeneticsjournal.biomedcentral.com/articles/10.1186/s13148-022-01350-3,2022,False,False,False
Circulating cell-free DNA methylation mirrors alterations in cerebral patterns in epilepsy,https://clinicalepigeneticsjournal.biomedcentral.com/articles/10.1186/s13148-022-01416-2,2022,False,True,False
Characterisation of ethnic differences in DNA methylation between UK-resident South Asians and Europeans,https://clinicalepigeneticsjournal.biomedcentral.com/articles/10.1186/s13148-022-01351-2,2022,False,False,False
Association of H3K9me3 with breast cancer prognosis by estrogen receptor status,https://clinicalepigeneticsjournal.biomedcentral.com/articles/10.1186/s13148-022-01363-y,2022,False,False,False
Temporal associations between leukocytes DNA methylation and blood lipids: a longitudinal study,https://clinicalepigeneticsjournal.biomedcentral.com/articles/10.1186/s13148-022-01356-x,2022,False,False,False
Genome-wide DNA methylation analysis of extreme phenotypes in the identification of novel epigenetic modifications in diabetic retinopathy,https://clinicalepigeneticsjournal.biomedcentral.com/articles/10.1186/s13148-022-01354-z,2022,False,False,False
A correlation map of genome-wide DNA methylation patterns between paired human brain and buccal samples,https://clinicalepigeneticsjournal.biomedcentral.com/articles/10.1186/s13148-022-01357-w,2022,False,True,False
Differentially hypomethylated cell-free DNA and coronary collateral circulation,https://clinicalepigeneticsjournal.biomedcentral.com/articles/10.1186/s13148-022-01349-w,2022,False,False,False
Genome-wide screening for differentially methylated long noncoding RNAs identifies LIFR-AS1 as an epigenetically regulated lncRNA that inhibits the progression of colorectal cancer,https://clinicalepigeneticsjournal.biomedcentral.com/articles/10.1186/s13148-022-01361-0,2022,False,False,False
Targeted genetic and epigenetic profiling of esophageal adenocarcinomas and non-dysplastic Barrett’s esophagus,https://clinicalepigeneticsjournal.biomedcentral.com/articles/10.1186/s13148-022-01287-7,2022,False,False,False
"Maternal epigenetic clocks measured during pregnancy do not predict gestational age at delivery or offspring birth outcomes: a replication study in metropolitan Cebu, Philippines",https://clinicalepigeneticsjournal.biomedcentral.com/articles/10.1186/s13148-022-01296-6,2022,False,True,False
Aberrant DNA hydroxymethylation reshapes transcription factor binding in myeloid neoplasms,https://clinicalepigeneticsjournal.biomedcentral.com/articles/10.1186/s13148-022-01297-5,2022,False,False,False
Longitudinal associations of DNA methylation and sleep in children: a meta-analysis,https://clinicalepigeneticsjournal.biomedcentral.com/articles/10.1186/s13148-022-01298-4,2022,True,True,False
An epigenome-wide association study of insulin resistance in African Americans,https://clinicalepigeneticsjournal.biomedcentral.com/articles/10.1186/s13148-022-01309-4,2022,False,True,False
Maternal–fetal stress and DNA methylation signatures in neonatal saliva: an epigenome-wide association study,https://clinicalepigeneticsjournal.biomedcentral.com/articles/10.1186/s13148-022-01310-x,2022,False,True,False
Shifts in the immunoepigenomic landscape of monocytes in response to a diabetes-specific social support intervention: a pilot study among Native Hawaiian adults with diabetes,https://clinicalepigeneticsjournal.biomedcentral.com/articles/10.1186/s13148-022-01307-6,2022,False,False,False
Effect of menopausal hormone therapy on methylation levels in early and late postmenopausal women,https://clinicalepigeneticsjournal.biomedcentral.com/articles/10.1186/s13148-022-01311-w,2022,False,True,False
A core of differentially methylated CpG loci in gMDSCs isolated from neonatal and adult sources,https://clinicalepigeneticsjournal.biomedcentral.com/articles/10.1186/s13148-022-01247-1,2022,False,False,False
"Increases in ambient air pollutants during pregnancy are linked to increases in methylation of IL4, IL10, and IFNγ",https://clinicalepigeneticsjournal.biomedcentral.com/articles/10.1186/s13148-022-01254-2,2022,False,False,False
Multi-omic alterations of the SWI/SNF complex define a clinical subgroup in lung adenocarcinoma,https://clinicalepigeneticsjournal.biomedcentral.com/articles/10.1186/s13148-022-01261-3,2022,False,False,False
"Epigenome-wide association studies: current knowledge, strategies and recommendations",https://clinicalepigeneticsjournal.biomedcentral.com/articles/10.1186/s13148-021-01200-8,2021,False,True,False
The ENmix DNA methylation analysis pipeline for Illumina BeadChip and comparisons with seven other preprocessing pipelines,https://clinicalepigeneticsjournal.biomedcentral.com/articles/10.1186/s13148-021-01207-1,2021,False,False,False
Genome-wide methylation patterns in Marfan syndrome,https://clinicalepigeneticsjournal.biomedcentral.com/articles/10.1186/s13148-021-01204-4,2021,False,False,False
Genome-wide methylation and expression analyses reveal the epigenetic landscape of immune-related diseases for tobacco smoking,https://clinicalepigeneticsjournal.biomedcentral.com/articles/10.1186/s13148-021-01208-0,2021,False,False,False
Longitudinal DNA methylation dynamics as a practical indicator in clinical epigenetics,https://clinicalepigeneticsjournal.biomedcentral.com/articles/10.1186/s13148-021-01202-6,2021,False,False,False
Accurate prediction of acute pancreatitis severity based on genome-wide cell free DNA methylation profiles,https://clinicalepigeneticsjournal.biomedcentral.com/articles/10.1186/s13148-021-01217-z,2021,False,False,False
Methylation-derived inflammatory measures and lung cancer risk and survival,https://clinicalepigeneticsjournal.biomedcentral.com/articles/10.1186/s13148-021-01214-2,2021,False,True,False
DNA methylome profiling reveals epigenetic regulation of lipoprotein-associated phospholipase A,https://clinicalepigeneticsjournal.biomedcentral.com/articles/10.1186/s13148-021-01152-z,2021,False,False,False
Promoter methylation-mediated repression of ,https://clinicalepigeneticsjournal.biomedcentral.com/articles/10.1186/s13148-021-01211-5,2021,False,False,False
Pre-implantation alcohol exposure induces lasting sex-specific DNA methylation programming errors in the developing forebrain,https://clinicalepigeneticsjournal.biomedcentral.com/articles/10.1186/s13148-021-01151-0,2021,False,False,False
Whole-genome methylation analysis of testicular germ cells from cryptozoospermic men points to recurrent and functionally relevant DNA methylation changes,https://clinicalepigeneticsjournal.biomedcentral.com/articles/10.1186/s13148-021-01144-z,2021,True,True,False
DNA methylation patterns at and beyond the histological margin of early-stage invasive lung adenocarcinoma radiologically manifested as pure ground-glass opacity,https://clinicalepigeneticsjournal.biomedcentral.com/articles/10.1186/s13148-021-01140-3,2021,False,False,False
Epigenetic age is associated with baseline and 3-year change in frailty in the Canadian Longitudinal Study on Aging,https://clinicalepigeneticsjournal.biomedcentral.com/articles/10.1186/s13148-021-01150-1,2021,False,False,False
Betamethasone administration during pregnancy is associated with placental epigenetic changes with implications for inflammation,https://clinicalepigeneticsjournal.biomedcentral.com/articles/10.1186/s13148-021-01153-y,2021,False,False,False
Identifying causal models between genetically regulated methylation patterns and gene expression in healthy colon tissue,https://clinicalepigeneticsjournal.biomedcentral.com/articles/10.1186/s13148-021-01148-9,2021,False,True,False
Longitudinal analysis of individual cfDNA methylome patterns in metastatic prostate cancer,https://clinicalepigeneticsjournal.biomedcentral.com/articles/10.1186/s13148-021-01155-w,2021,False,False,False
Transcriptional epigenetic regulation of ,https://clinicalepigeneticsjournal.biomedcentral.com/articles/10.1186/s13148-021-01149-8,2021,True,False,False
NEFM DNA methylation correlates with immune infiltration and survival in breast cancer,https://clinicalepigeneticsjournal.biomedcentral.com/articles/10.1186/s13148-021-01096-4,2021,False,False,False
Clinical and epigenetic features of colorectal cancer patients with somatic ,https://clinicalepigeneticsjournal.biomedcentral.com/articles/10.1186/s13148-021-01104-7,2021,False,False,False
Blood DNA methylation and COVID-19 outcomes,https://clinicalepigeneticsjournal.biomedcentral.com/articles/10.1186/s13148-021-01102-9,2021,False,False,False
Increased PARylation impacts the DNA methylation process in type 2 diabetes mellitus,https://clinicalepigeneticsjournal.biomedcentral.com/articles/10.1186/s13148-021-01099-1,2021,True,True,False
DNAm-based signatures of accelerated aging and mortality in blood are associated with low renal function,https://clinicalepigeneticsjournal.biomedcentral.com/articles/10.1186/s13148-021-01082-w,2021,False,True,True
Chromatin accessibility changes at intergenic regions are associated with ovarian cancer drug resistance,https://clinicalepigeneticsjournal.biomedcentral.com/articles/10.1186/s13148-021-01105-6,2021,False,False,False
Multi-omics integration identifies key upstream regulators of pathomechanisms in hypertrophic cardiomyopathy due to truncating ,https://clinicalepigeneticsjournal.biomedcentral.com/articles/10.1186/s13148-021-01043-3,2021,False,False,False
Epigenome-wide association study of whole blood gene expression in Framingham Heart Study participants provides molecular insight into the potential role of CHRNA5 in cigarette smoking-related lung diseases,https://clinicalepigeneticsjournal.biomedcentral.com/articles/10.1186/s13148-021-01041-5,2021,False,True,False
Pre-adolescence DNA methylation is associated with BMI status change from pre- to post-adolescence,https://clinicalepigeneticsjournal.biomedcentral.com/articles/10.1186/s13148-021-01042-4,2021,False,False,False
Differential methylation EPIC analysis discloses cisplatin-resistance related hypermethylation and tumor-specific heterogeneity within matched primary and metastatic testicular germ cell tumor patient tissue samples,https://clinicalepigeneticsjournal.biomedcentral.com/articles/10.1186/s13148-021-01048-y,2021,False,False,False
Association of variably methylated tumour DNA regions with overall survival for invasive lobular breast cancer,https://clinicalepigeneticsjournal.biomedcentral.com/articles/10.1186/s13148-020-00975-6,2021,False,False,False
Identification and validation of obesity-related gene ,https://clinicalepigeneticsjournal.biomedcentral.com/articles/10.1186/s13148-021-01013-9,2021,False,False,False
Male obesity impacts DNA methylation reprogramming in sperm,https://clinicalepigeneticsjournal.biomedcentral.com/articles/10.1186/s13148-020-00997-0,2021,False,True,False
MethCORR infers gene expression from DNA methylation and allows molecular analysis of ten common cancer types using fresh-frozen and formalin-fixed paraffin-embedded tumor samples,https://clinicalepigeneticsjournal.biomedcentral.com/articles/10.1186/s13148-021-01000-0,2021,False,True,False
Hypoxia promotes the metastasis of pancreatic cancer through regulating NOX4/KDM5A-mediated histone methylation modification changes in a HIF1A-independent manner,https://clinicalepigeneticsjournal.biomedcentral.com/articles/10.1186/s13148-021-01016-6,2021,False,False,False
Profile of copper-associated DNA methylation and its association with incident acute coronary syndrome,https://clinicalepigeneticsjournal.biomedcentral.com/articles/10.1186/s13148-021-01004-w,2021,False,False,False
Loss of H3K27 methylation identifies poor outcomes in adult-onset acute leukemia,https://clinicalepigeneticsjournal.biomedcentral.com/articles/10.1186/s13148-021-01011-x,2021,False,False,False
Smoking-related changes in DNA methylation and gene expression are associated with cardio-metabolic traits,https://clinicalepigeneticsjournal.biomedcentral.com/articles/10.1186/s13148-020-00951-0,2020,False,True,False
Identification of fetal unmodified and 5-hydroxymethylated CG sites in maternal cell-free DNA for non-invasive prenatal testing,https://clinicalepigeneticsjournal.biomedcentral.com/articles/10.1186/s13148-020-00938-x,2020,False,False,False
Serious neonatal morbidities are associated with differences in DNA methylation among very preterm infants,https://clinicalepigeneticsjournal.biomedcentral.com/articles/10.1186/s13148-020-00942-1,2020,False,True,False
Time course of altered DNA methylation evoked by critical illness and by early administration of parenteral nutrition in the paediatric ICU,https://clinicalepigeneticsjournal.biomedcentral.com/articles/10.1186/s13148-020-00947-w,2020,False,False,False
"Genome-wide methylation analysis in Silver–Russell syndrome, Temple syndrome, and Prader–Willi syndrome",https://clinicalepigeneticsjournal.biomedcentral.com/articles/10.1186/s13148-020-00949-8,2020,False,False,False
Longitudinal analysis of healthy colon establishes aspirin as a suppressor of cancer-related epigenetic aging,https://clinicalepigeneticsjournal.biomedcentral.com/articles/10.1186/s13148-020-00956-9,2020,True,False,False
The ,https://clinicalepigeneticsjournal.biomedcentral.com/articles/10.1186/s13148-020-00889-3,2020,False,True,False
Changes in DNA methylation profiles of myalgic encephalomyelitis/chronic fatigue syndrome patients reflect systemic dysfunctions,https://clinicalepigeneticsjournal.biomedcentral.com/articles/10.1186/s13148-020-00960-z,2020,False,False,False
Highly accurate skin-specific methylome analysis algorithm as a platform to screen and validate therapeutics for healthy aging,https://clinicalepigeneticsjournal.biomedcentral.com/articles/10.1186/s13148-020-00899-1,2020,False,True,False
H3K27ac acetylome signatures reveal the epigenomic reorganization in remodeled non-failing human hearts,https://clinicalepigeneticsjournal.biomedcentral.com/articles/10.1186/s13148-020-00895-5,2020,False,True,False
Alternative methylation of intron motifs is associated with cancer-related gene expression in both canine mammary tumor and human breast cancer,https://clinicalepigeneticsjournal.biomedcentral.com/articles/10.1186/s13148-020-00888-4,2020,False,False,False
Concentrations of persistent organic pollutants in maternal plasma and epigenome-wide placental DNA methylation,https://clinicalepigeneticsjournal.biomedcentral.com/articles/10.1186/s13148-020-00894-6,2020,True,False,False
Integrated epigenetic biomarkers in circulating cell-free DNA as a robust classifier for pancreatic cancer,https://clinicalepigeneticsjournal.biomedcentral.com/articles/10.1186/s13148-020-00898-2,2020,False,False,False
Novel candidate genes for ECT response prediction—a pilot study analyzing the DNA methylome of depressed patients receiving electroconvulsive therapy,https://clinicalepigeneticsjournal.biomedcentral.com/articles/10.1186/s13148-020-00891-9,2020,False,False,False
Differential CpG DNA methylation in peripheral naïve CD4,https://clinicalepigeneticsjournal.biomedcentral.com/articles/10.1186/s13148-020-00837-1,2020,False,False,False
Epigenetic prediction of complex traits and mortality in a cohort of individuals with oropharyngeal cancer,https://clinicalepigeneticsjournal.biomedcentral.com/articles/10.1186/s13148-020-00850-4,2020,False,True,False
The sperm epigenome does not display recurrent epimutations in patients with severely impaired spermatogenesis,https://clinicalepigeneticsjournal.biomedcentral.com/articles/10.1186/s13148-020-00854-0,2020,True,True,False
Epigenome-wide association study of seizures in childhood and adolescence,https://clinicalepigeneticsjournal.biomedcentral.com/articles/10.1186/s13148-019-0793-z,2020,False,True,False
DNA methylation changes in Down syndrome derived neural iPSCs uncover co-dysregulation of ZNF and HOX3 families of transcription factors,https://clinicalepigeneticsjournal.biomedcentral.com/articles/10.1186/s13148-019-0803-1,2020,False,True,False
DNA hypermethylation of ,https://clinicalepigeneticsjournal.biomedcentral.com/articles/10.1186/s13148-019-0806-y,2020,False,True,False
A DNA methylation signature to improve survival prediction of gastric cancer,https://clinicalepigeneticsjournal.biomedcentral.com/articles/10.1186/s13148-020-0807-x,2020,False,False,False
"The effects of bariatric surgery on clinical profile, DNA methylation, and ageing in severely obese patients",https://clinicalepigeneticsjournal.biomedcentral.com/articles/10.1186/s13148-019-0790-2,2020,False,True,False
Comprehensive analysis of PM20D1 QTL in Alzheimer’s disease,https://clinicalepigeneticsjournal.biomedcentral.com/articles/10.1186/s13148-020-0814-y,2020,False,True,False
H3K27me3 and EZH2 expression in melanoma: relevance for melanoma progression and response to immune checkpoint blockade,https://clinicalepigeneticsjournal.biomedcentral.com/articles/10.1186/s13148-020-0818-7,2020,False,True,False
"Epigenetic age acceleration of cervical squamous cell carcinoma converged to human papillomavirus 16/18 expression, immunoactivation, and favourable prognosis",https://clinicalepigeneticsjournal.biomedcentral.com/articles/10.1186/s13148-020-0822-y,2020,True,False,False
Methylation silencing of TGF-β receptor type II is involved in malignant transformation of esophageal squamous cell carcinoma,https://clinicalepigeneticsjournal.biomedcentral.com/articles/10.1186/s13148-020-0819-6,2020,True,False,True
Underestimated effect of intragenic HIV-1 DNA methylation on viral transcription in infected individuals,https://clinicalepigeneticsjournal.biomedcentral.com/articles/10.1186/s13148-020-00829-1,2020,False,False,False
Maternal diabetes and obesity influence the fetal epigenome in a largely Hispanic population,https://clinicalepigeneticsjournal.biomedcentral.com/articles/10.1186/s13148-020-0824-9,2020,True,False,False
Widespread loss of the silencing epigenetic mark H3K9me3 in astrocytes and neurons along with hippocampal-dependent cognitive impairment in C9orf72 BAC transgenic mice,https://clinicalepigeneticsjournal.biomedcentral.com/articles/10.1186/s13148-020-0816-9,2020,False,True,False
"Age-, tumor-, and metastatic tissue-associated DNA hypermethylation of a T-box brain 1 locus in human kidney tissue",https://clinicalepigeneticsjournal.biomedcentral.com/articles/10.1186/s13148-020-0823-x,2020,True,True,False
 is associated with ,https://clinicalepigeneticsjournal.biomedcentral.com/articles/10.1186/s13148-020-00832-6,2020,False,False,False
Ultrasensitive DNA hypermethylation detection using plasma for early detection of NSCLC: a study in Chinese patients with very small nodules,https://clinicalepigeneticsjournal.biomedcentral.com/articles/10.1186/s13148-020-00828-2,2020,False,False,False
"DNA methylation outlier burden, health, and ageing in Generation Scotland and the Lothian Birth Cohorts of 1921 and 1936",https://clinicalepigeneticsjournal.biomedcentral.com/articles/10.1186/s13148-020-00838-0,2020,False,True,False
The association of DNA methylation with body mass index: distinguishing between predictors and biomarkers,https://clinicalepigeneticsjournal.biomedcentral.com/articles/10.1186/s13148-020-00841-5,2020,False,True,False
Alterations in the methylome of the stromal tumour microenvironment signal the presence and severity of prostate cancer,https://clinicalepigeneticsjournal.biomedcentral.com/articles/10.1186/s13148-020-00836-2,2020,True,True,False
Novel HDAC inhibitor MAKV-8 and imatinib synergistically kill chronic myeloid leukemia cells via inhibition of BCR-ABL/MYC-signaling: effect on imatinib resistance and stem cells,https://clinicalepigeneticsjournal.biomedcentral.com/articles/10.1186/s13148-020-00839-z,2020,False,False,False
CTCF loss mediates unique DNA hypermethylation landscapes in human cancers,https://clinicalepigeneticsjournal.biomedcentral.com/articles/10.1186/s13148-020-00869-7,2020,False,False,True
DNA methylation loci in placenta associated with birthweight and expression of genes relevant for early development and adult diseases,https://clinicalepigeneticsjournal.biomedcentral.com/articles/10.1186/s13148-020-00873-x,2020,True,False,False
Effect of short-term prescription opioids on DNA methylation of the ,https://clinicalepigeneticsjournal.biomedcentral.com/articles/10.1186/s13148-020-00868-8,2020,False,False,False
The signature of HBV-related liver disease in peripheral blood mononuclear cell DNA methylation,https://clinicalepigeneticsjournal.biomedcentral.com/articles/10.1186/s13148-020-00847-z,2020,False,True,False
Harnessing peripheral DNA methylation differences in the Alzheimer’s Disease Neuroimaging Initiative (ADNI) to reveal novel biomarkers of disease,https://clinicalepigeneticsjournal.biomedcentral.com/articles/10.1186/s13148-020-00864-y,2020,False,False,False
Epigenetic silencing of ,https://clinicalepigeneticsjournal.biomedcentral.com/articles/10.1186/s13148-020-00878-6,2020,False,False,False
Comprehensive evaluation of targeted multiplex bisulphite PCR sequencing for validation of DNA methylation biomarker panels,https://clinicalepigeneticsjournal.biomedcentral.com/articles/10.1186/s13148-020-00880-y,2020,False,False,False
Prognostic and predictive value of ,https://clinicalepigeneticsjournal.biomedcentral.com/articles/10.1186/s13148-020-00883-9,2020,False,True,False
Ten-eleven translocation methyl-cytosine dioxygenase 2 deficiency exacerbates renal ischemia-reperfusion injury,https://clinicalepigeneticsjournal.biomedcentral.com/articles/10.1186/s13148-020-00892-8,2020,False,False,False
Identifying epigenetic biomarkers of established prognostic factors and survival in a clinical cohort of individuals with oropharyngeal cancer,https://clinicalepigeneticsjournal.biomedcentral.com/articles/10.1186/s13148-020-00870-0,2020,False,True,False
Methylome profiling of young adults with depression supports a link with immune response and psoriasis,https://clinicalepigeneticsjournal.biomedcentral.com/articles/10.1186/s13148-020-00877-7,2020,False,False,False
Circulating unmethylated ,https://clinicalepigeneticsjournal.biomedcentral.com/articles/10.1186/s13148-020-00906-5,2020,True,False,False
AHRR cg05575921 methylation in relation to smoking and PM,https://clinicalepigeneticsjournal.biomedcentral.com/articles/10.1186/s13148-020-00908-3,2020,False,True,False
Epigenetic measures of ageing predict the prevalence and incidence of leading causes of death and disease burden,https://clinicalepigeneticsjournal.biomedcentral.com/articles/10.1186/s13148-020-00905-6,2020,False,True,False
Genome-wide methylation patterns predict clinical benefit of immunotherapy in lung cancer,https://clinicalepigeneticsjournal.biomedcentral.com/articles/10.1186/s13148-020-00907-4,2020,False,False,False
Epigenome-wide DNA methylation profiling of preeclamptic placenta according to severe features,https://clinicalepigeneticsjournal.biomedcentral.com/articles/10.1186/s13148-020-00918-1,2020,False,True,False
Fecal DNA methylation markers for detecting stages of colorectal cancer and its precursors: a systematic review,https://clinicalepigeneticsjournal.biomedcentral.com/articles/10.1186/s13148-020-00904-7,2020,False,False,False
The fusiform gyrus exhibits an epigenetic signature for Alzheimer’s disease,https://clinicalepigeneticsjournal.biomedcentral.com/articles/10.1186/s13148-020-00916-3,2020,False,False,False
"Gene co-expression and histone modification signatures are associated with melanoma progression, epithelial-to-mesenchymal transition, and metastasis",https://clinicalepigeneticsjournal.biomedcentral.com/articles/10.1186/s13148-020-00910-9,2020,False,False,False
Associations of maternal early-pregnancy blood glucose and insulin concentrations with DNA methylation in newborns,https://clinicalepigeneticsjournal.biomedcentral.com/articles/10.1186/s13148-020-00924-3,2020,False,True,False
Association between ,https://clinicalepigeneticsjournal.biomedcentral.com/articles/10.1186/s13148-020-00927-0,2020,False,False,False
"Epigenetic stratification of head and neck cancer survivors reveals differences in lycopene levels, alcohol consumption, and methylation of immune regulatory genes",https://clinicalepigeneticsjournal.biomedcentral.com/articles/10.1186/s13148-020-00930-5,2020,False,False,False
TWIST1 DNA methylation is a cell marker of airway and parenchymal lung fibroblasts that are differentially methylated in asthma,https://clinicalepigeneticsjournal.biomedcentral.com/articles/10.1186/s13148-020-00931-4,2020,True,True,False
DNA methylation of ,https://clinicalepigeneticsjournal.biomedcentral.com/articles/10.1186/s13148-020-00932-3,2020,False,False,False
Epigenome-wide association study of Alzheimer’s disease replicates 22 differentially methylated positions and 30 differentially methylated regions,https://clinicalepigeneticsjournal.biomedcentral.com/articles/10.1186/s13148-020-00944-z,2020,False,True,False
"The influences of DNA methylation and epigenetic clocks, on metabolic disease, in middle-aged Koreans",https://clinicalepigeneticsjournal.biomedcentral.com/articles/10.1186/s13148-020-00936-z,2020,False,False,False
Morphine leads to global genome changes in H3K27me3 levels via a Polycomb Repressive Complex 2 (PRC2) self-regulatory mechanism in mESCs,https://clinicalepigeneticsjournal.biomedcentral.com/articles/10.1186/s13148-020-00955-w,2020,False,True,False
BET protein inhibitor apabetalone (RVX-208) suppresses pro-inflammatory hyper-activation of monocytes from patients with cardiovascular disease and type 2 diabetes,https://clinicalepigeneticsjournal.biomedcentral.com/articles/10.1186/s13148-020-00943-0,2020,False,True,False
Epigenetic profiling of Italian patients identified methylation sites associated with hereditary transthyretin amyloidosis,https://clinicalepigeneticsjournal.biomedcentral.com/articles/10.1186/s13148-020-00967-6,2020,False,True,False
Assessment of ,https://clinicalepigeneticsjournal.biomedcentral.com/articles/10.1186/s13148-020-00968-5,2020,False,False,False
DNA methylation signatures to predict the cervicovaginal microbiome status,https://clinicalepigeneticsjournal.biomedcentral.com/articles/10.1186/s13148-020-00966-7,2020,False,False,False
5-Hydroxymethylation highlights the heterogeneity in keratinization and cell junctions in head and neck cancers,https://clinicalepigeneticsjournal.biomedcentral.com/articles/10.1186/s13148-020-00965-8,2020,False,False,False
High-fat diet-induced and genetically inherited obesity differentially alters DNA methylation profile in the germline of adult male rats,https://clinicalepigeneticsjournal.biomedcentral.com/articles/10.1186/s13148-020-00974-7,2020,False,True,False
Whole blood DNA methylation aging markers predict colorectal cancer survival: a prospective cohort study,https://clinicalepigeneticsjournal.biomedcentral.com/articles/10.1186/s13148-020-00977-4,2020,False,False,False
Altered immune phenotype and DNA methylation in panic disorder,https://clinicalepigeneticsjournal.biomedcentral.com/articles/10.1186/s13148-020-00972-9,2020,False,True,False
Developmental programming in human umbilical cord vein endothelial cells following fetal growth restriction,https://clinicalepigeneticsjournal.biomedcentral.com/articles/10.1186/s13148-020-00980-9,2020,False,True,False
Longitudinal data in peripheral blood confirm that PM20D1 is a quantitative trait locus (QTL) for Alzheimer’s disease and implicate its dynamic role in disease progression,https://clinicalepigeneticsjournal.biomedcentral.com/articles/10.1186/s13148-020-00984-5,2020,False,False,False
Developmental cannabidiol exposure increases anxiety and modifies genome-wide brain DNA methylation in adult female mice,https://clinicalepigeneticsjournal.biomedcentral.com/articles/10.1186/s13148-020-00993-4,2021,False,True,False
High-resolution analyses of human sperm dynamic methylome reveal thousands of novel age-related epigenetic alterations,https://clinicalepigeneticsjournal.biomedcentral.com/articles/10.1186/s13148-020-00988-1,2020,False,False,False
DNA methylation epi-signature is associated with two molecularly and phenotypically distinct clinical subtypes of Phelan-McDermid syndrome,https://clinicalepigeneticsjournal.biomedcentral.com/articles/10.1186/s13148-020-00990-7,2021,False,False,False
Global hypermethylation of intestinal epithelial cells is a hallmark feature of neonatal surgical necrotizing enterocolitis,https://clinicalepigeneticsjournal.biomedcentral.com/articles/10.1186/s13148-020-00983-6,2020,False,False,False
Childhood DNA methylation as a marker of early life rapid weight gain and subsequent overweight,https://clinicalepigeneticsjournal.biomedcentral.com/articles/10.1186/s13148-020-00952-z,2021,False,True,False
"Genetic, epigenetic, and environmental factors controlling oxytocin receptor gene expression",https://clinicalepigeneticsjournal.biomedcentral.com/articles/10.1186/s13148-021-01017-5,2021,False,True,False
Changes in epigenetic profiles throughout early childhood and their relationship to the response to pneumococcal vaccination,https://clinicalepigeneticsjournal.biomedcentral.com/articles/10.1186/s13148-021-01012-w,2021,False,False,False
5-AZA-dC induces epigenetic changes associated with modified glycosylation of secreted glycoproteins and increased EMT and migration in chemo-sensitive cancer cells,https://clinicalepigeneticsjournal.biomedcentral.com/articles/10.1186/s13148-021-01015-7,2021,False,False,False
DNA methylation profiles of bronchoscopic biopsies for the diagnosis of lung cancer,https://clinicalepigeneticsjournal.biomedcentral.com/articles/10.1186/s13148-021-01024-6,2021,False,False,False
DNA methylation and cancer incidence: lymphatic–hematopoietic versus solid cancers in the Strong Heart Study,https://clinicalepigeneticsjournal.biomedcentral.com/articles/10.1186/s13148-021-01030-8,2021,False,False,False
DNA methylation mediates the effect of maternal smoking on offspring birthweight: a birth cohort study of multi-ethnic US mother–newborn pairs,https://clinicalepigeneticsjournal.biomedcentral.com/articles/10.1186/s13148-021-01032-6,2021,False,True,False
Lifestyle weight-loss intervention may attenuate methylation aging: the CENTRAL MRI randomized controlled trial,https://clinicalepigeneticsjournal.biomedcentral.com/articles/10.1186/s13148-021-01038-0,2021,False,False,False
Genome-wide analysis of DNA methylation in Hirschsprung enteric precursor cells: unraveling the epigenetic landscape of enteric nervous system development,https://clinicalepigeneticsjournal.biomedcentral.com/articles/10.1186/s13148-021-01040-6,2021,False,False,False
Epigenetic age acceleration is associated with cardiometabolic risk factors and clinical cardiovascular disease risk scores in African Americans,https://clinicalepigeneticsjournal.biomedcentral.com/articles/10.1186/s13148-021-01035-3,2021,False,True,False
BRG1 knockdown inhibits proliferation through multiple cellular pathways in prostate cancer,https://clinicalepigeneticsjournal.biomedcentral.com/articles/10.1186/s13148-021-01023-7,2021,False,False,False
DNA methylation and gene expression integration in cardiovascular disease,https://clinicalepigeneticsjournal.biomedcentral.com/articles/10.1186/s13148-021-01064-y,2021,False,False,False
DNA methylation of ,https://clinicalepigeneticsjournal.biomedcentral.com/articles/10.1186/s13148-021-01063-z,2021,False,False,False
"Integrative study of EZH2 mutational status, copy number, protein expression and H3K27 trimethylation in AML/MDS patients",https://clinicalepigeneticsjournal.biomedcentral.com/articles/10.1186/s13148-021-01052-2,2021,False,False,False
Identification of DNA methylation markers for early detection of CRC indicates a role for nervous system-related genes in CRC,https://clinicalepigeneticsjournal.biomedcentral.com/articles/10.1186/s13148-021-01067-9,2021,False,False,False
"Associations among phthalate exposure, DNA methylation of ",https://clinicalepigeneticsjournal.biomedcentral.com/articles/10.1186/s13148-021-01061-1,2021,False,False,False
DNA methylation in cord blood in association with prenatal depressive symptoms,https://clinicalepigeneticsjournal.biomedcentral.com/articles/10.1186/s13148-021-01054-0,2021,True,False,False
An EPIC predictor of gestational age and its application to newborns conceived by assisted reproductive technologies,https://clinicalepigeneticsjournal.biomedcentral.com/articles/10.1186/s13148-021-01055-z,2021,False,False,False
Disease-associated DNA methylation signatures in esophageal biopsies of children diagnosed with Eosinophilic Esophagitis,https://clinicalepigeneticsjournal.biomedcentral.com/articles/10.1186/s13148-021-01072-y,2021,False,False,False
DNA hypermethylation contributes to colorectal cancer metastasis by regulating the binding of CEBPB and TFCP2 to the ,https://clinicalepigeneticsjournal.biomedcentral.com/articles/10.1186/s13148-021-01071-z,2021,False,False,False
Identification of ZBTB18 as a novel colorectal tumor suppressor gene through genome-wide promoter hypermethylation analysis,https://clinicalepigeneticsjournal.biomedcentral.com/articles/10.1186/s13148-021-01070-0,2021,False,False,False
DNA methylation biomarkers of myocardial infarction and cardiovascular disease,https://clinicalepigeneticsjournal.biomedcentral.com/articles/10.1186/s13148-021-01078-6,2021,False,True,False
"Associations of circulating folate, vitamin B12 and homocysteine concentrations in early pregnancy and cord blood with epigenetic gestational age: the Generation R Study",https://clinicalepigeneticsjournal.biomedcentral.com/articles/10.1186/s13148-021-01065-x,2021,False,True,False
Characteristics of epigenetic aging across gestational and perinatal tissues,https://clinicalepigeneticsjournal.biomedcentral.com/articles/10.1186/s13148-021-01080-y,2021,False,False,False
Weight loss after Roux-En-Y gastric bypass surgery reveals skeletal muscle DNA methylation changes,https://clinicalepigeneticsjournal.biomedcentral.com/articles/10.1186/s13148-021-01086-6,2021,True,False,False
Identification of DNA methylation biomarkers for risk of liver metastasis in early-stage colorectal cancer,https://clinicalepigeneticsjournal.biomedcentral.com/articles/10.1186/s13148-021-01108-3,2021,False,False,False
Does the epigenetic clock GrimAge predict mortality independent of genetic influences: an 18 year follow-up study in older female twin pairs,https://clinicalepigeneticsjournal.biomedcentral.com/articles/10.1186/s13148-021-01112-7,2021,False,False,False
The epigenetic etiology of cardiovascular disease in a longitudinal Swedish twin study,https://clinicalepigeneticsjournal.biomedcentral.com/articles/10.1186/s13148-021-01113-6,2021,False,True,False
A novel DNA methylation signature is associated with androgen receptor activity and patient prognosis in bone metastatic prostate cancer,https://clinicalepigeneticsjournal.biomedcentral.com/articles/10.1186/s13148-021-01119-0,2021,False,False,False
Combined prenatal ,https://clinicalepigeneticsjournal.biomedcentral.com/articles/10.1186/s13148-021-01115-4,2021,False,False,False
"DNA methylation and behavioral dysfunction in males with 47,XXY and 49,XXXXY: a pilot study",https://clinicalepigeneticsjournal.biomedcentral.com/articles/10.1186/s13148-021-01123-4,2021,False,True,False
DNA methylation under the major depression pathway predicts pediatric quality of life four-month post-pediatric mild traumatic brain injury,https://clinicalepigeneticsjournal.biomedcentral.com/articles/10.1186/s13148-021-01128-z,2021,False,False,False
DNA methylation analysis reveals epimutation hotspots in patients with dilated cardiomyopathy-associated laminopathies,https://clinicalepigeneticsjournal.biomedcentral.com/articles/10.1186/s13148-021-01127-0,2021,False,False,False
Genome-wide DNA methylome analysis identifies methylation signatures associated with survival and drug resistance of ovarian cancers,https://clinicalepigeneticsjournal.biomedcentral.com/articles/10.1186/s13148-021-01130-5,2021,False,False,False
Differential DNA methylation by early versus late parenteral nutrition in the PICU: a biological basis for its impact on emotional and behavioral problems documented 4 years later,https://clinicalepigeneticsjournal.biomedcentral.com/articles/10.1186/s13148-021-01124-3,2021,False,False,False
Spatial epi-proteomics enabled by histone post-translational modification analysis from low-abundance clinical samples,https://clinicalepigeneticsjournal.biomedcentral.com/articles/10.1186/s13148-021-01120-7,2021,False,False,False
Genome wide DNA methylation analysis of alveolar capillary dysplasia lung tissue reveals aberrant methylation of genes involved in development including the ,https://clinicalepigeneticsjournal.biomedcentral.com/articles/10.1186/s13148-021-01134-1,2021,False,True,False
Interplay of Val66Met and BDNF methylation: effect on reward learning and cognitive performance in major depression,https://clinicalepigeneticsjournal.biomedcentral.com/articles/10.1186/s13148-021-01136-z,2021,False,False,False
Childhood growth and development and DNA methylation age in mid-life,https://clinicalepigeneticsjournal.biomedcentral.com/articles/10.1186/s13148-021-01138-x,2021,False,True,False
Targeting the methyltransferase SETD8 impairs tumor cell survival and overcomes drug resistance independently of p53 status in multiple myeloma,https://clinicalepigeneticsjournal.biomedcentral.com/articles/10.1186/s13148-021-01160-z,2021,False,False,False
Childhood-onset dystonia-causing ,https://clinicalepigeneticsjournal.biomedcentral.com/articles/10.1186/s13148-021-01145-y,2021,True,False,False
Hi-C profiling of cancer spheroids identifies 3D-growth-specific chromatin interactions in breast cancer endocrine resistance,https://clinicalepigeneticsjournal.biomedcentral.com/articles/10.1186/s13148-021-01167-6,2021,False,False,False
DNA 5-hydroxymethylcytosine in pediatric central nervous system tumors may impact tumor classification and is a positive prognostic marker,https://clinicalepigeneticsjournal.biomedcentral.com/articles/10.1186/s13148-021-01156-9,2021,False,False,False
Combined effects of progesterone and ,https://clinicalepigeneticsjournal.biomedcentral.com/articles/10.1186/s13148-021-01172-9,2021,False,False,False
Integrative genomics analysis of nasal intestinal-type adenocarcinomas demonstrates the major role of CACNA1C and paves the way for a simple diagnostic tool in male woodworkers,https://clinicalepigeneticsjournal.biomedcentral.com/articles/10.1186/s13148-021-01122-5,2021,False,True,False
Impact of vitamin C supplementation on placental DNA methylation changes related to maternal smoking: association with gene expression and respiratory outcomes,https://clinicalepigeneticsjournal.biomedcentral.com/articles/10.1186/s13148-021-01161-y,2021,False,True,False
Diagnosis of pulmonary nodules by DNA methylation analysis in bronchoalveolar lavage fluids,https://clinicalepigeneticsjournal.biomedcentral.com/articles/10.1186/s13148-021-01163-w,2021,False,False,False
Investigating the DNA methylation profile of e-cigarette use,https://clinicalepigeneticsjournal.biomedcentral.com/articles/10.1186/s13148-021-01174-7,2021,False,True,False
"DNA methylation profiling identifies two distinct subgroups in breast cancers with low hormone receptor expression, mainly associated with ",https://clinicalepigeneticsjournal.biomedcentral.com/articles/10.1186/s13148-021-01176-5,2021,False,False,False
DNA methylation signatures of incident coronary heart disease: findings from epigenome-wide association studies,https://clinicalepigeneticsjournal.biomedcentral.com/articles/10.1186/s13148-021-01175-6,2021,False,True,False
Race/ethnicity-associated blood DNA methylation differences between Japanese and European American women: an exploratory study,https://clinicalepigeneticsjournal.biomedcentral.com/articles/10.1186/s13148-021-01171-w,2021,False,True,False
Impact of BMI and waist circumference on epigenome-wide DNA methylation and identification of epigenetic biomarkers in blood: an EWAS in multi-ethnic Asian individuals,https://clinicalepigeneticsjournal.biomedcentral.com/articles/10.1186/s13148-021-01162-x,2021,False,True,False
Validating biomarkers and models for epigenetic inference of alcohol consumption from blood,https://clinicalepigeneticsjournal.biomedcentral.com/articles/10.1186/s13148-021-01186-3,2021,False,True,False
Cell-free DNA 5-hydroxymethylcytosine profiles of long non-coding RNA genes enable early detection and progression monitoring of human cancers,https://clinicalepigeneticsjournal.biomedcentral.com/articles/10.1186/s13148-021-01183-6,2021,False,False,False
DNA methylation of the ,https://clinicalepigeneticsjournal.biomedcentral.com/articles/10.1186/s13148-021-01184-5,2021,False,False,False
Father-to-offspring transmission of extremely long ,https://clinicalepigeneticsjournal.biomedcentral.com/articles/10.1186/s13148-021-01192-5,2021,False,True,False
Epigenetic adaptations of the masticatory mucosa to periodontal inflammation,https://clinicalepigeneticsjournal.biomedcentral.com/articles/10.1186/s13148-021-01190-7,2021,False,True,False
Epigenetic age acceleration and cardiovascular outcomes in school-age children: The Generation R Study,https://clinicalepigeneticsjournal.biomedcentral.com/articles/10.1186/s13148-021-01193-4,2021,False,False,False
Skeletal muscle methylome and transcriptome integration reveals profound sex differences related to muscle function and substrate metabolism,https://clinicalepigeneticsjournal.biomedcentral.com/articles/10.1186/s13148-021-01188-1,2021,False,False,False
Epigenetic quantification of circulating immune cells in peripheral blood of triple-negative breast cancer patients,https://clinicalepigeneticsjournal.biomedcentral.com/articles/10.1186/s13148-021-01196-1,2021,False,False,False
Identification of DNA methylation biomarkers with potential to predict response to neoadjuvant chemotherapy in triple-negative breast cancer,https://clinicalepigeneticsjournal.biomedcentral.com/articles/10.1186/s13148-021-01210-6,2021,False,False,False
"Fibroblast growth factor (FGF), FGF receptor (FGFR), and cyclin D1 (",https://clinicalepigeneticsjournal.biomedcentral.com/articles/10.1186/s13148-021-01212-4,2021,False,True,False
DNA methylation mediates the association between breastfeeding and early-life growth trajectories,https://clinicalepigeneticsjournal.biomedcentral.com/articles/10.1186/s13148-021-01209-z,2021,False,False,False
Epigenetic biomarkers of ageing are predictive of mortality risk in a longitudinal clinical cohort of individuals diagnosed with oropharyngeal cancer,https://clinicalepigeneticsjournal.biomedcentral.com/articles/10.1186/s13148-021-01220-4,2022,False,False,False
Circulating tumor DNA methylation marker MYO1-G for diagnosis and monitoring of colorectal cancer,https://clinicalepigeneticsjournal.biomedcentral.com/articles/10.1186/s13148-021-01216-0,2021,False,False,False
DNA methylation signatures associated with cardiometabolic risk factors in children from India and The Gambia: results from the EMPHASIS study,https://clinicalepigeneticsjournal.biomedcentral.com/articles/10.1186/s13148-021-01213-3,2022,False,True,False
Epigenetics of single-site and multi-site atherosclerosis in African Americans from the Genetic Epidemiology Network of Arteriopathy (GENOA),https://clinicalepigeneticsjournal.biomedcentral.com/articles/10.1186/s13148-022-01229-3,2022,False,True,False
Immune profiles and DNA methylation alterations related with non-muscle-invasive bladder cancer outcomes,https://clinicalepigeneticsjournal.biomedcentral.com/articles/10.1186/s13148-022-01234-6,2022,False,False,False
Association of prenatal alcohol exposure with offspring DNA methylation in mammals: a systematic review of the evidence,https://clinicalepigeneticsjournal.biomedcentral.com/articles/10.1186/s13148-022-01231-9,2022,False,False,False
Leptin promoter methylation in female patients with painful multisomatoform disorder and chronic widespread pain,https://clinicalepigeneticsjournal.biomedcentral.com/articles/10.1186/s13148-022-01235-5,2022,False,False,False
A deep learning model for early risk prediction of heart failure with preserved ejection fraction by DNA methylation profiles combined with clinical features,https://clinicalepigeneticsjournal.biomedcentral.com/articles/10.1186/s13148-022-01232-8,2022,False,True,False
A novel DNA methylation signature associated with lymph node metastasis status in early gastric cancer,https://clinicalepigeneticsjournal.biomedcentral.com/articles/10.1186/s13148-021-01219-x,2022,False,False,False
Gender-affirming hormone therapy induces specific DNA methylation changes in blood,https://clinicalepigeneticsjournal.biomedcentral.com/articles/10.1186/s13148-022-01236-4,2022,False,False,False
Novel epigenetic network biomarkers for early detection of esophageal cancer,https://clinicalepigeneticsjournal.biomedcentral.com/articles/10.1186/s13148-022-01243-5,2022,False,False,False
Bladder cancer detection in urine using DNA methylation markers: a technical and prospective preclinical validation,https://clinicalepigeneticsjournal.biomedcentral.com/articles/10.1186/s13148-022-01240-8,2022,False,True,False
Aberrant epigenetic and transcriptional events associated with breast cancer risk,https://clinicalepigeneticsjournal.biomedcentral.com/articles/10.1186/s13148-022-01239-1,2022,False,False,False
Epigenome-wide DNA methylation profiling of conditioned pain modulation in individuals with non-specific chronic low back pain,https://clinicalepigeneticsjournal.biomedcentral.com/articles/10.1186/s13148-022-01265-z,2022,False,False,False
Regulation of oxytocin receptor gene expression in obsessive–compulsive disorder: a possible role for the microbiota-host epigenetic axis,https://clinicalepigeneticsjournal.biomedcentral.com/articles/10.1186/s13148-022-01264-0,2022,False,True,False
Predicting male fertility from the sperm methylome: application to 120 bulls with hundreds of artificial insemination records,https://clinicalepigeneticsjournal.biomedcentral.com/articles/10.1186/s13148-022-01275-x,2022,False,False,False
Epigenome-wide association study of bronchopulmonary dysplasia in preterm infants: results from the discovery-BPD program,https://clinicalepigeneticsjournal.biomedcentral.com/articles/10.1186/s13148-022-01272-0,2022,False,True,False
"Batch-effect detection, correction and characterisation in Illumina HumanMethylation450 and MethylationEPIC BeadChip array data",https://clinicalepigeneticsjournal.biomedcentral.com/articles/10.1186/s13148-022-01277-9,2022,False,False,False
The mediating effect of DNA methylation in the association between maternal sleep during pregnancy and offspring adiposity status: a prospective cohort study,https://clinicalepigeneticsjournal.biomedcentral.com/articles/10.1186/s13148-022-01284-w,2022,False,False,False
Maternal iron status in early pregnancy and DNA methylation in offspring: an epigenome-wide meta-analysis,https://clinicalepigeneticsjournal.biomedcentral.com/articles/10.1186/s13148-022-01276-w,2022,False,True,False
"Androgen receptor reprogramming demarcates prognostic, context-dependent gene sets in primary and metastatic prostate cancer",https://clinicalepigeneticsjournal.biomedcentral.com/articles/10.1186/s13148-022-01278-8,2022,False,False,False
Characterising sex differences of autosomal DNA methylation in whole blood using the Illumina EPIC array,https://clinicalepigeneticsjournal.biomedcentral.com/articles/10.1186/s13148-022-01279-7,2022,False,False,False
Genome-wide promoter methylation profiling in a cellular model of melanoma progression reveals markers of malignancy and metastasis that predict melanoma survival,https://clinicalepigeneticsjournal.biomedcentral.com/articles/10.1186/s13148-022-01291-x,2022,True,False,False
DNA methylation and expression profiles of placenta and umbilical cord blood reveal the characteristics of gestational diabetes mellitus patients and offspring,https://clinicalepigeneticsjournal.biomedcentral.com/articles/10.1186/s13148-022-01289-5,2022,False,False,False
Cross talk between acetylation and methylation regulators reveals histone modifier expression patterns posing prognostic and therapeutic implications on patients with colon cancer,https://clinicalepigeneticsjournal.biomedcentral.com/articles/10.1186/s13148-022-01290-y,2022,False,False,False
Persistent blood DNA methylation changes one year after SARS-CoV-2 infection,https://clinicalepigeneticsjournal.biomedcentral.com/articles/10.1186/s13148-022-01313-8,2022,False,False,False
An epigenome-wide study of DNA methylation profiles and lung function among American Indians in the Strong Heart Study,https://clinicalepigeneticsjournal.biomedcentral.com/articles/10.1186/s13148-022-01294-8,2022,False,True,False
"JIB-04, a histone demethylase Jumonji C domain inhibitor, regulates phenotypic switching of vascular smooth muscle cells",https://clinicalepigeneticsjournal.biomedcentral.com/articles/10.1186/s13148-022-01321-8,2022,False,False,False
DNA methylation analysis of normal colon organoids from familial adenomatous polyposis patients reveals novel insight into colon cancer development,https://clinicalepigeneticsjournal.biomedcentral.com/articles/10.1186/s13148-022-01324-5,2022,False,False,False
Discovery and validation of tissue-specific DNA methylation as noninvasive diagnostic markers for colorectal cancer,https://clinicalepigeneticsjournal.biomedcentral.com/articles/10.1186/s13148-022-01312-9,2022,False,False,False
OXTR DNA methylation differentiates men on the obesity spectrum with and without binge eating disorder,https://clinicalepigeneticsjournal.biomedcentral.com/articles/10.1186/s13148-022-01318-3,2022,False,False,False
Integrated single-cell RNA-seq and DNA methylation reveal the effects of air pollution in patients with recurrent spontaneous abortion,https://clinicalepigeneticsjournal.biomedcentral.com/articles/10.1186/s13148-022-01327-2,2022,False,False,False
"Serum level of total histone 3, H3K4me3, and H3K27ac after non-emergent cardiac surgery suggests the persistence of smoldering inflammation at 3 months in an adult population",https://clinicalepigeneticsjournal.biomedcentral.com/articles/10.1186/s13148-022-01331-6,2022,False,False,False
Regional gain and global loss of 5-hydroxymethylcytosine coexist in genitourinary cancers and regulate different oncogenic pathways,https://clinicalepigeneticsjournal.biomedcentral.com/articles/10.1186/s13148-022-01333-4,2022,False,False,False
Comprehensive comparison between azacytidine and decitabine treatment in an acute myeloid leukemia cell line,https://clinicalepigeneticsjournal.biomedcentral.com/articles/10.1186/s13148-022-01329-0,2022,False,False,False
Altered methylation pattern in EXOC4 is associated with stroke outcome: an epigenome-wide association study,https://clinicalepigeneticsjournal.biomedcentral.com/articles/10.1186/s13148-022-01340-5,2022,False,False,False
5-Hydroxymethylation alterations in cell-free DNA reflect molecular distinctions of diffuse large B cell lymphoma at different primary sites,https://clinicalepigeneticsjournal.biomedcentral.com/articles/10.1186/s13148-022-01344-1,2022,True,True,False
Whole blood methylome-derived features to discriminate endocrine hypertension,https://clinicalepigeneticsjournal.biomedcentral.com/articles/10.1186/s13148-022-01347-y,2022,False,False,False
An examination of mediation by DNA methylation on birthweight differences induced by assisted reproductive technologies,https://clinicalepigeneticsjournal.biomedcentral.com/articles/10.1186/s13148-022-01381-w,2022,False,True,False
Dynamic patterns of blood lipids and DNA methylation in response to statin therapy,https://clinicalepigeneticsjournal.biomedcentral.com/articles/10.1186/s13148-022-01375-8,2022,False,True,False
Blood DNA methylation signatures of lifestyle exposures: tobacco and alcohol consumption,https://clinicalepigeneticsjournal.biomedcentral.com/articles/10.1186/s13148-022-01376-7,2022,False,True,False
Epigenetically regulated ,https://clinicalepigeneticsjournal.biomedcentral.com/articles/10.1186/s13148-022-01364-x,2022,False,False,False
Incorporation of DNA methylation quantitative trait loci (mQTLs) in epigenome-wide association analysis: application to birthweight effects in neonatal whole blood,https://clinicalepigeneticsjournal.biomedcentral.com/articles/10.1186/s13148-022-01385-6,2022,False,True,False
Identified in blood diet-related methylation changes stratify liver biopsies of NAFLD patients according to fibrosis grade,https://clinicalepigeneticsjournal.biomedcentral.com/articles/10.1186/s13148-022-01377-6,2022,False,True,False
 methylation-mediated gene silencing predicts adverse prognosis in acute myeloid leukemia,https://clinicalepigeneticsjournal.biomedcentral.com/articles/10.1186/s13148-022-01373-w,2022,False,False,False
"A randomized, phase II trial of oral azacitidine (CC-486) in patients with resected pancreatic adenocarcinoma at high risk for recurrence",https://clinicalepigeneticsjournal.biomedcentral.com/articles/10.1186/s13148-022-01367-8,2022,False,False,False
The association of accelerated epigenetic age with all-cause mortality in cardiac catheterization patients as mediated by vascular and cardiometabolic outcomes,https://clinicalepigeneticsjournal.biomedcentral.com/articles/10.1186/s13148-022-01380-x,2022,False,False,False
Increased copy number of imprinted genes in the chromosomal region 20q11-q13.32 is associated with resistance to antitumor agents in cancer cell lines,https://clinicalepigeneticsjournal.biomedcentral.com/articles/10.1186/s13148-022-01368-7,2022,False,False,False
Defining post-acute COVID-19 syndrome (PACS) by an epigenetic biosignature in peripheral blood mononuclear cells,https://clinicalepigeneticsjournal.biomedcentral.com/articles/10.1186/s13148-022-01398-1,2022,False,False,False
Identification of differentially methylated regions in rare diseases from a single-patient perspective,https://clinicalepigeneticsjournal.biomedcentral.com/articles/10.1186/s13148-022-01403-7,2022,False,True,False
"Comparative analysis of the DNA methylation landscape in CD4, CD8, and B memory lineages",https://clinicalepigeneticsjournal.biomedcentral.com/articles/10.1186/s13148-022-01399-0,2022,False,False,False
LINE-1 hypomethylation is associated with poor outcomes in locoregionally advanced oropharyngeal cancer,https://clinicalepigeneticsjournal.biomedcentral.com/articles/10.1186/s13148-022-01386-5,2022,True,False,False
Epigenetics of type 2 diabetes and diabetes-related outcomes in the Strong Heart Study,https://clinicalepigeneticsjournal.biomedcentral.com/articles/10.1186/s13148-022-01392-7,2022,False,False,False
DNA methylation in human gastric epithelial cells defines regional identity without restricting lineage plasticity,https://clinicalepigeneticsjournal.biomedcentral.com/articles/10.1186/s13148-022-01406-4,2022,False,False,False
"Genome-wide placental DNA methylations in fetal overgrowth and associations with leptin, adiponectin and fetal growth factors",https://clinicalepigeneticsjournal.biomedcentral.com/articles/10.1186/s13148-022-01412-6,2022,False,False,False
Longitudinal profiling in patients undergoing cardiac surgery reveals postoperative changes in DNA methylation,https://clinicalepigeneticsjournal.biomedcentral.com/articles/10.1186/s13148-022-01414-4,2022,False,False,False
Maintenance of methylation profile in imprinting control regions in human induced pluripotent stem cells,https://clinicalepigeneticsjournal.biomedcentral.com/articles/10.1186/s13148-022-01410-8,2022,False,False,False
Whole-blood methylation signatures are associated with and accurately classify multiple sclerosis disease severity,https://clinicalepigeneticsjournal.biomedcentral.com/articles/10.1186/s13148-022-01397-2,2022,False,False,False
"Genetic, DNA methylation, and immune profile discrepancies between early-stage single primary lung cancer and synchronous multiple primary lung cancer",https://clinicalepigeneticsjournal.biomedcentral.com/articles/10.1186/s13148-023-01422-y,2023,False,False,False
"Genome-wide assessment of DNA methylation alterations induced by superovulation, sexual immaturity and in vitro follicle growth in mouse blastocysts",https://clinicalepigeneticsjournal.biomedcentral.com/articles/10.1186/s13148-023-01421-z,2023,False,False,False
Hepatocellular carcinoma detection via targeted enzymatic methyl sequencing of plasma cell-free DNA,https://clinicalepigeneticsjournal.biomedcentral.com/articles/10.1186/s13148-022-01420-6,2023,False,False,False
Hypomethylation in ,https://clinicalepigeneticsjournal.biomedcentral.com/articles/10.1186/s13148-023-01423-x,2023,False,False,False
Methylation in MAD1L1 is associated with the severity of suicide attempt and phenotypes of depression,https://clinicalepigeneticsjournal.biomedcentral.com/articles/10.1186/s13148-022-01394-5,2023,False,False,False
Vitamin C boosts DNA demethylation in ,https://clinicalepigeneticsjournal.biomedcentral.com/articles/10.1186/s13148-022-01404-6,2023,False,False,False
Epigenetic aging in patients diagnosed with coronary artery disease: results of the LipidCardio study,https://clinicalepigeneticsjournal.biomedcentral.com/articles/10.1186/s13148-023-01434-8,2023,False,False,False
E2F1 combined with ,https://clinicalepigeneticsjournal.biomedcentral.com/articles/10.1186/s13148-023-01428-6,2023,False,False,False
Liver saturated fat content associates with hepatic DNA methylation in obese individuals,https://clinicalepigeneticsjournal.biomedcentral.com/articles/10.1186/s13148-023-01431-x,2023,False,True,False
Expression of integrin β-7 is epigenetically enhanced in multiple myeloma subgroups with high-risk cytogenetics,https://clinicalepigeneticsjournal.biomedcentral.com/articles/10.1186/s13148-023-01433-9,2023,False,False,False
DNA methylation in peripheral blood leukocytes for the association with glucose metabolism and invasive breast cancer,https://clinicalepigeneticsjournal.biomedcentral.com/articles/10.1186/s13148-023-01435-7,2023,False,True,False
Identification of m,https://clinicalepigeneticsjournal.biomedcentral.com/articles/10.1186/s13148-023-01439-3,2023,False,False,False
A miRNA screening identifies miR-192-5p as associated with response to azacitidine and lenalidomide therapy in myelodysplastic syndromes,https://clinicalepigeneticsjournal.biomedcentral.com/articles/10.1186/s13148-023-01441-9,2023,False,True,False
"Longitudinal DNA methylation profiling of the rectal mucosa identifies cell-specific signatures of disease status, severity and clinical outcomes in ulcerative colitis cell-specific DNA methylation signatures of UC",https://clinicalepigeneticsjournal.biomedcentral.com/articles/10.1186/s13148-023-01462-4,2023,False,True,False
Regulatory networks driving expression of genes critical for glioblastoma are controlled by the transcription factor c-Jun and the pre-existing epigenetic modifications,https://clinicalepigeneticsjournal.biomedcentral.com/articles/10.1186/s13148-023-01446-4,2023,True,False,False
Parity is associated with long-term differences in DNA methylation at genes related to neural plasticity in multiple sclerosis,https://clinicalepigeneticsjournal.biomedcentral.com/articles/10.1186/s13148-023-01438-4,2023,False,False,False
DNA methylation and cardiovascular disease in humans: a systematic review and database of known CpG methylation sites,https://clinicalepigeneticsjournal.biomedcentral.com/articles/10.1186/s13148-023-01468-y,2023,False,False,False
Sex differences in the intergenerational link between maternal and neonatal whole blood DNA methylation: a genome-wide analysis in 2 birth cohorts,https://clinicalepigeneticsjournal.biomedcentral.com/articles/10.1186/s13148-023-01442-8,2023,False,False,False
Distinguishable DNA methylation defines a cardiac-specific epigenetic clock,https://clinicalepigeneticsjournal.biomedcentral.com/articles/10.1186/s13148-023-01467-z,2023,False,False,False
"Comprehensive analyses of molecular features, prognostic values, and regulatory functionalities of m",https://clinicalepigeneticsjournal.biomedcentral.com/articles/10.1186/s13148-023-01475-z,2023,False,False,False
Impact of intrauterine exposure to maternal diabetes on preterm birth: fetal DNA methylation alteration is an important mediator,https://clinicalepigeneticsjournal.biomedcentral.com/articles/10.1186/s13148-023-01473-1,2023,False,False,False
"Bromodomain inhibitor i-BET858 triggers a unique transcriptional response coupled to enhanced DNA damage, cell cycle arrest and apoptosis in high-grade ovarian carcinoma cells",https://clinicalepigeneticsjournal.biomedcentral.com/articles/10.1186/s13148-023-01477-x,2023,False,False,False
DNA methylation age at birth and childhood: performance of epigenetic clocks and characteristics associated with epigenetic age acceleration in the Project Viva cohort,https://clinicalepigeneticsjournal.biomedcentral.com/articles/10.1186/s13148-023-01480-2,2023,False,False,False
Peritoneal cell-free DNA as a sensitive biomarker for detection of peritoneal metastasis in colorectal cancer: a prospective diagnostic study,https://clinicalepigeneticsjournal.biomedcentral.com/articles/10.1186/s13148-023-01479-9,2023,True,False,False
Characterization of molecular subtypes based on chromatin regulators and identification of the role of NPAS2 in lung adenocarcinoma,https://clinicalepigeneticsjournal.biomedcentral.com/articles/10.1186/s13148-023-01486-w,2023,False,False,False
Epigenetic reactivation of tumor suppressor genes with CRISPRa technologies as precision therapy for hepatocellular carcinoma,https://clinicalepigeneticsjournal.biomedcentral.com/articles/10.1186/s13148-023-01482-0,2023,False,False,False
Epigenetic priming improves salvage chemotherapy in diffuse large B-cell lymphoma via endogenous retrovirus-induced cGAS-STING activation,https://clinicalepigeneticsjournal.biomedcentral.com/articles/10.1186/s13148-023-01493-x,2023,False,False,False
Assessment of immune cell profiles among post-menopausal women in the Women’s Health Initiative using DNA methylation-based methods,https://clinicalepigeneticsjournal.biomedcentral.com/articles/10.1186/s13148-023-01488-8,2023,False,False,False
Comprehensive DNA methylation profiling of COVID-19 and hepatocellular carcinoma to identify common pathogenesis and potential therapeutic targets,https://clinicalepigeneticsjournal.biomedcentral.com/articles/10.1186/s13148-023-01515-8,2023,False,False,False
Epigenome-wide association study identifies novel genes associated with ischemic stroke,https://clinicalepigeneticsjournal.biomedcentral.com/articles/10.1186/s13148-023-01520-x,2023,False,False,False
Maternal glycemia in pregnancy is longitudinally associated with blood DNAm variation at the ,https://clinicalepigeneticsjournal.biomedcentral.com/articles/10.1186/s13148-023-01524-7,2023,False,True,False
Prenatal delta-9-tetrahydrocannabinol exposure is associated with changes in rhesus macaque DNA methylation enriched for autism genes,https://clinicalepigeneticsjournal.biomedcentral.com/articles/10.1186/s13148-023-01519-4,2023,False,True,False
DNA methylation is differentially associated with glycemic outcomes by different types of weight-loss interventions: an epigenome-wide association study,https://clinicalepigeneticsjournal.biomedcentral.com/articles/10.1186/s13148-023-01522-9,2023,False,False,False
Abnormal DNA methylation within genes of the steroidogenesis pathway two years after paediatric critical illness and association with stunted growth in height further in time,https://clinicalepigeneticsjournal.biomedcentral.com/articles/10.1186/s13148-023-01530-9,2023,False,False,False
Stability selection enhances feature selection and enables accurate prediction of gestational age using only five DNA methylation sites,https://clinicalepigeneticsjournal.biomedcentral.com/articles/10.1186/s13148-023-01528-3,2023,False,False,False
DNA methylation and 28-year cardiovascular disease risk in type 1 diabetes: the Epidemiology of Diabetes Complications (EDC) cohort study,https://clinicalepigeneticsjournal.biomedcentral.com/articles/10.1186/s13148-023-01539-0,2023,False,False,False
Hypomethylation of ,https://clinicalepigeneticsjournal.biomedcentral.com/articles/10.1186/s13148-023-01533-6,2023,False,False,False
Genome-wide discovery of circulating cell-free DNA methylation biomarkers for colorectal cancer detection,https://clinicalepigeneticsjournal.biomedcentral.com/articles/10.1186/s13148-023-01518-5,2023,False,False,False
DNA hypermethylation driven by ,https://clinicalepigeneticsjournal.biomedcentral.com/articles/10.1186/s13148-023-01534-5,2023,False,True,False
Long-term environmental metal exposure is associated with hypomethylation of CpG sites in ,https://clinicalepigeneticsjournal.biomedcentral.com/articles/10.1186/s13148-023-01536-3,2023,False,False,False
Globally elevated levels of histone H3 lysine 9 trimethylation in early infancy are associated with poor growth trajectory in Bangladeshi children,https://clinicalepigeneticsjournal.biomedcentral.com/articles/10.1186/s13148-023-01548-z,2023,False,False,False
Introduction of a multiplex amplicon sequencing assay to quantify DNA methylation in target cytosine markers underlying four selected epigenetic clocks,https://clinicalepigeneticsjournal.biomedcentral.com/articles/10.1186/s13148-023-01545-2,2023,False,False,False
Association between acetaminophen metabolites and ,https://clinicalepigeneticsjournal.biomedcentral.com/articles/10.1186/s13148-023-01551-4,2023,False,True,False
Degradation of methylation signals in cryopreserved DNA,https://clinicalepigeneticsjournal.biomedcentral.com/articles/10.1186/s13148-023-01565-y,2023,False,False,True
A DNA methylation signature in the stress driver gene ,https://clinicalepigeneticsjournal.biomedcentral.com/articles/10.1186/s13148-023-01569-8,2023,False,True,False
METTL3 exerts synergistic effects on m6A methylation and histone modification to regulate the function of VGF in lung adenocarcinoma,https://clinicalepigeneticsjournal.biomedcentral.com/articles/10.1186/s13148-023-01568-9,2023,False,False,False
Serum methylation of ,https://clinicalepigeneticsjournal.biomedcentral.com/articles/10.1186/s13148-023-01570-1,2023,True,False,False
A transgenic mice model of retinopathy of cblG-type inherited disorder of one-carbon metabolism highlights epigenome-wide alterations related to cone photoreceptor cells development and retinal metabolism,https://clinicalepigeneticsjournal.biomedcentral.com/articles/10.1186/s13148-023-01567-w,2023,False,False,False
Pharmacological EZH2 inhibition combined with retinoic acid treatment promotes differentiation and apoptosis in rhabdomyosarcoma cells,https://clinicalepigeneticsjournal.biomedcentral.com/articles/10.1186/s13148-023-01583-w,2023,True,False,False
"Accelerated epigenetic age, inflammation, and gene expression in lung: comparisons of smokers and vapers with non-smokers",https://clinicalepigeneticsjournal.biomedcentral.com/articles/10.1186/s13148-023-01577-8,2023,False,False,False
Herbal medicine formula Huazhuo Tiaozhi granule ameliorates dyslipidaemia via regulating histone lactylation and miR-155-5p biogenesis,https://clinicalepigeneticsjournal.biomedcentral.com/articles/10.1186/s13148-023-01573-y,2023,False,False,False
Profound DNA methylomic differences between single- and multi-fraction alpha irradiations of lung fibroblasts,https://clinicalepigeneticsjournal.biomedcentral.com/articles/10.1186/s13148-023-01564-z,2023,False,False,False
Predictive value of DNA methylation patterns in AML patients treated with an azacytidine containing induction regimen,https://clinicalepigeneticsjournal.biomedcentral.com/articles/10.1186/s13148-023-01580-z,2023,False,False,False
Tumor microenvironment deconvolution identifies cell-type-independent aberrant DNA methylation and gene expression in prostate cancer,https://clinicalepigeneticsjournal.biomedcentral.com/articles/10.1186/s13148-023-01609-3,2024,False,False,False
Exploring the therapeutic potential of Sirt6-enriched adipose stem cell-derived exosomes in myocardial ischemia–reperfusion injury: unfolding new epigenetic frontiers,https://clinicalepigeneticsjournal.biomedcentral.com/articles/10.1186/s13148-023-01618-2,2024,False,True,False
TET2-mediated ECM1 hypomethylation promotes the neovascularization in active proliferative diabetic retinopathy,https://clinicalepigeneticsjournal.biomedcentral.com/articles/10.1186/s13148-023-01619-1,2024,False,False,False
Malignant peripheral nerve sheath tumor (MPNST) and MPNST-like entities are defined by a specific DNA methylation profile in pediatric and juvenile population,https://clinicalepigeneticsjournal.biomedcentral.com/articles/10.1186/s13148-023-01621-7,2024,False,False,False
YAP represses intestinal inflammation through epigenetic silencing of JMJD3,https://clinicalepigeneticsjournal.biomedcentral.com/articles/10.1186/s13148-024-01626-w,2024,False,False,False
Integrative analysis identifies gene signatures mediating the effect of DNA methylation on asthma severity and lung function,https://clinicalepigeneticsjournal.biomedcentral.com/articles/10.1186/s13148-023-01611-9,2024,False,False,False
Pancreatic cancer acquires resistance to MAPK pathway inhibition by clonal expansion and adaptive DNA hypermethylation,https://clinicalepigeneticsjournal.biomedcentral.com/articles/10.1186/s13148-024-01623-z,2024,True,False,False
Tissue of origin prediction for cancer of unknown primary using a targeted methylation sequencing panel,https://clinicalepigeneticsjournal.biomedcentral.com/articles/10.1186/s13148-024-01638-6,2024,False,False,False
Increased CpG methylation at the ,https://clinicalepigeneticsjournal.biomedcentral.com/articles/10.1186/s13148-024-01631-z,2024,False,False,False
Abnormal DNA methylation within HPA-axis genes years after paediatric critical illness,https://clinicalepigeneticsjournal.biomedcentral.com/articles/10.1186/s13148-024-01640-y,2024,False,False,False
Epigenome-wide association study of dietary fatty acid intake,https://clinicalepigeneticsjournal.biomedcentral.com/articles/10.1186/s13148-024-01643-9,2024,True,True,False
Evaluating the link between ,https://clinicalepigeneticsjournal.biomedcentral.com/articles/10.1186/s13148-024-01668-0,2024,False,False,False
Genome- and epigenome-wide association studies identify susceptibility of CpG sites and regions for metabolic syndrome in a Korean population,https://clinicalepigeneticsjournal.biomedcentral.com/articles/10.1186/s13148-024-01671-5,2024,False,True,False
"Meta-analysis of epigenetic aging in schizophrenia reveals multifaceted relationships with age, sex, illness duration, and polygenic risk",https://clinicalepigeneticsjournal.biomedcentral.com/articles/10.1186/s13148-024-01660-8,2024,False,True,False
"Semimethylation is a feature of diffuse large B-cell lymphoma, and subgroups with poor prognosis are characterized by global hypomethylation and short telomere length",https://clinicalepigeneticsjournal.biomedcentral.com/articles/10.1186/s13148-024-01680-4,2024,False,True,False
DNA methylation signatures of youth-onset type 2 diabetes and exposure to maternal diabetes,https://clinicalepigeneticsjournal.biomedcentral.com/articles/10.1186/s13148-024-01675-1,2024,False,False,False
Investigating neonatal health risk variables through cell-type specific methylome-wide association studies,https://clinicalepigeneticsjournal.biomedcentral.com/articles/10.1186/s13148-024-01681-3,2024,False,False,False
No association between peripheral serotonin-gene-related DNA methylation and brain serotonin neurotransmission in the healthy and depressed state,https://clinicalepigeneticsjournal.biomedcentral.com/articles/10.1186/s13148-024-01678-y,2024,False,True,False
Consistent cord blood DNA methylation signatures of gestational age between South Asian and white European cohorts,https://clinicalepigeneticsjournal.biomedcentral.com/articles/10.1186/s13148-024-01684-0,2024,False,False,False
Methylome analysis in girls with idiopathic central precocious puberty,https://clinicalepigeneticsjournal.biomedcentral.com/articles/10.1186/s13148-024-01683-1,2024,False,False,False
Fetal hemoglobin induction in azacytidine responders enlightens methylation patterns related to blast clearance in higher-risk MDS and CMML,https://clinicalepigeneticsjournal.biomedcentral.com/articles/10.1186/s13148-024-01687-x,2024,False,False,False
HDAC6 inhibition disrupts HDAC6-P300 interaction reshaping the cancer chromatin landscape,https://clinicalepigeneticsjournal.biomedcentral.com/articles/10.1186/s13148-024-01725-8,2024,False,False,False
Gestational DNA methylation age as a marker for fetal development and birth outcomes: findings from the Boston Birth Cohort,https://clinicalepigeneticsjournal.biomedcentral.com/articles/10.1186/s13148-024-01714-x,2024,False,False,False
The response to influenza vaccination is associated with DNA methylation-driven regulation of T cell innate antiviral pathways,https://clinicalepigeneticsjournal.biomedcentral.com/articles/10.1186/s13148-024-01730-x,2024,False,False,False
Mendelian randomization analysis reveals the combined effects of epigenetics and telomere biology in hematologic cancers,https://clinicalepigeneticsjournal.biomedcentral.com/articles/10.1186/s13148-024-01728-5,2024,False,True,False
Multi-omics association study of DNA methylation and gene expression levels and diagnoses of cardiovascular diseases in Danish Twins,https://clinicalepigeneticsjournal.biomedcentral.com/articles/10.1186/s13148-024-01727-6,2024,False,False,False
DNAm scores for serum GDF15 and NT-proBNP levels associate with a range of traits affecting the body and brain,https://clinicalepigeneticsjournal.biomedcentral.com/articles/10.1186/s13148-024-01734-7,2024,False,True,True
Blood-based ,https://clinicalepigeneticsjournal.biomedcentral.com/articles/10.1186/s13148-024-01742-7,2024,False,False,False
Technical and biological sources of unreliability of Infinium probes on Illumina methylation microarrays,https://clinicalepigeneticsjournal.biomedcentral.com/articles/10.1186/s13148-024-01739-2,2024,False,False,False
A multi-trait epigenome-wide association study identified DNA methylation signature of inflammation among men with HIV,https://clinicalepigeneticsjournal.biomedcentral.com/articles/10.1186/s13148-024-01763-2,2024,False,True,False
Causal effects of cardiovascular health on five epigenetic clocks,https://clinicalepigeneticsjournal.biomedcentral.com/articles/10.1186/s13148-024-01752-5,2024,False,False,False
DNA methylation classifier to diagnose pancreatic ductal adenocarcinoma metastases from different anatomical sites,https://clinicalepigeneticsjournal.biomedcentral.com/articles/10.1186/s13148-024-01768-x,2024,False,True,False
"DNA methylation biomarkers and myopia: a multi-omics study integrating GWAS, mQTL and eQTL data",https://clinicalepigeneticsjournal.biomedcentral.com/articles/10.1186/s13148-024-01772-1,2024,False,True,False
Comparison of cell type and disease subset chromatin modifications in SLE,https://clinicalepigeneticsjournal.biomedcentral.com/articles/10.1186/s13148-024-01754-3,2024,False,False,False
Meeting abstracts of the clinical epigenetics international conference 2024,https://clinicalepigeneticsjournal.biomedcentral.com/articles/10.1186/s13148-024-01749-0,2024,True,True,False
Pre-diagnosis blood DNA methylation profiling of twin pairs discordant for breast cancer points to the importance of environmental risk factors,https://clinicalepigeneticsjournal.biomedcentral.com/articles/10.1186/s13148-024-01767-y,2024,False,True,False
Associations of epigenetic age acceleration at birth and age 12 years with adolescent cardiometabolic risk: the HOME study,https://clinicalepigeneticsjournal.biomedcentral.com/articles/10.1186/s13148-024-01779-8,2024,False,False,False
MOSES: a methylation-based gene association approach for unveiling environmentally regulated genes linked to a trait or disease,https://clinicalepigeneticsjournal.biomedcentral.com/articles/10.1186/s13148-024-01776-x,2024,False,True,False
"Technical variability across the 450K, EPICv1, and EPICv2 DNA methylation arrays: lessons learned for clinical and longitudinal studies",https://clinicalepigeneticsjournal.biomedcentral.com/articles/10.1186/s13148-024-01761-4,2024,False,False,False
Cancer-associated fibroblasts reveal aberrant DNA methylation across different types of cancer,https://clinicalepigeneticsjournal.biomedcentral.com/articles/10.1186/s13148-024-01783-y,2024,True,False,False
Methylation assay in ,https://clinicalepigeneticsjournal.biomedcentral.com/articles/10.1186/s13148-024-01780-1,2024,False,False,False
Methylation changes and ,https://clinicalepigeneticsjournal.biomedcentral.com/articles/10.1186/s13148-024-01775-y,2024,False,False,False
DNA methylation-based analysis reveals accelerated epigenetic aging in giant cell-enriched adult-type glioblastoma,https://clinicalepigeneticsjournal.biomedcentral.com/articles/10.1186/s13148-024-01793-w,2024,False,False,False
Epigenome-wide mediation analysis of the relationship between psychosocial stress and cardiometabolic risk factors in the Health and Retirement Study (HRS),https://clinicalepigeneticsjournal.biomedcentral.com/articles/10.1186/s13148-024-01799-4,2024,False,False,False
DNA methylation-based telomere length is more strongly associated with cardiovascular disease and long-term mortality than quantitative polymerase chain reaction-based telomere length: evidence from the NHANES 1999–2002,https://clinicalepigeneticsjournal.biomedcentral.com/articles/10.1186/s13148-024-01795-8,2024,False,False,False
Changes in DNA methylation are associated with systemic lupus erythematosus flare remission and clinical subtypes,https://clinicalepigeneticsjournal.biomedcentral.com/articles/10.1186/s13148-024-01792-x,2024,False,True,False
Advancing diagnosis and early risk assessment of preeclampsia through noninvasive cell-free DNA methylation profiling,https://clinicalepigeneticsjournal.biomedcentral.com/articles/10.1186/s13148-024-01798-5,2024,False,True,False
Epigenetic regulation on left atrial function and disease recurrence after catheter ablation in atrial fibrillation,https://clinicalepigeneticsjournal.biomedcentral.com/articles/10.1186/s13148-024-01794-9,2024,False,False,False
TEC-mediated tRF-31R9J regulates histone lactylation and acetylation by HDAC1 to suppress hepatocyte ferroptosis and improve non-alcoholic steatohepatitis,https://clinicalepigeneticsjournal.biomedcentral.com/articles/10.1186/s13148-025-01813-3,2025,False,False,False
Distinct microbiome dysbiosis and epigenetic anomaly in esophageal adenocarcinoma and its underlying Barrett’s esophagus,https://clinicalepigeneticsjournal.biomedcentral.com/articles/10.1186/s13148-024-01801-z,2024,False,True,False
TET2-mediated 5-hydroxymethylcytosine of TXNIP promotes cell cycle arrest in systemic anaplastic large cell lymphoma,https://clinicalepigeneticsjournal.biomedcentral.com/articles/10.1186/s13148-025-01816-0,2025,False,False,False
DNA methylation profiling at base-pair resolution reveals unique epigenetic features of early-onset colorectal cancer in underrepresented populations,https://clinicalepigeneticsjournal.biomedcentral.com/articles/10.1186/s13148-025-01817-z,2025,False,True,False
Age-related changes in DNA methylation in a sample of elderly Brazilians,https://clinicalepigeneticsjournal.biomedcentral.com/articles/10.1186/s13148-025-01821-3,2025,True,True,False
Vitrification affects the post-implantation development of mouse embryos by inducing DNA damage and epigenetic modifications,https://clinicalepigeneticsjournal.biomedcentral.com/articles/10.1186/s13148-025-01826-y,2025,False,False,False
Identification of 17 novel epigenetic biomarkers associated with anxiety disorders using differential methylation analysis followed by machine learning-based validation,https://clinicalepigeneticsjournal.biomedcentral.com/articles/10.1186/s13148-025-01819-x,2025,False,False,False
Radiogenomic method combining DNA methylation profiles and magnetic resonance imaging radiomics predicts patient prognosis in skull base chordoma,https://clinicalepigeneticsjournal.biomedcentral.com/articles/10.1186/s13148-025-01836-w,2025,False,False,False
 methylation is not associated with survival in Brazilian patients with lung adenocarcinoma,https://clinicalepigeneticsjournal.biomedcentral.com/articles/10.1186/s13148-025-01831-1,2025,False,False,False
DNA methylation-based telomere length is more strongly associated with long-term all-cause mortality than quantitative polymerase chain reaction-based telomere length among middle-aged and older hypertensive adults,https://clinicalepigeneticsjournal.biomedcentral.com/articles/10.1186/s13148-025-01833-z,2025,False,False,False
Sex-specific role of epigenetic modification of a leptin upstream enhancer in adipose tissue,https://clinicalepigeneticsjournal.biomedcentral.com/articles/10.1186/s13148-025-01830-2,2025,False,False,False
"Imaging and outcome correlates of ctDNA methylation markers in prostate cancer: a comparative, cross-sectional [⁶⁸Ga]Ga-PSMA-11 PET/CT study",https://clinicalepigeneticsjournal.biomedcentral.com/articles/10.1186/s13148-025-01811-5,2025,False,True,False
HDAC inhibitors modulate Hippo pathway signaling in hormone positive breast cancer,https://clinicalepigeneticsjournal.biomedcentral.com/articles/10.1186/s13148-025-01834-y,2025,False,False,False
"Dissecting the causal effects of smoking, alcohol consumption, and related DNA methylation markers on electrocardiographic indices",https://clinicalepigeneticsjournal.biomedcentral.com/articles/10.1186/s13148-025-01851-x,2025,False,True,False
